<?xml version="1.0" encoding="UTF-8"?>

<beans xmlns="http://www.springframework.org/schema/beans"
       xmlns:xsi="http://www.w3.org/2001/XMLSchema-instance"
       xmlns:context="http://www.springframework.org/schema/context"
       xsi:schemaLocation="
        http://www.springframework.org/schema/beans http://www.springframework.org/schema/beans/spring-beans-4.0.xsd
        http://www.springframework.org/schema/context http://www.springframework.org/schema/context/spring-context-4.0.xsd
        http://www.springframework.org/schema/security http://www.springframework.org/schema/security/spring-security-3.2.xsd">

    <context:annotation-config/>

    <!-- ################################################################################ -->
    <!-- Routes -->
    <http xmlns="http://www.springframework.org/schema/security"
          pattern="/**"
          request-matcher="ant"
          disable-url-rewriting="true"
          use-expressions="false"
          entry-point-ref="authnEntryPoint">
          
        <intercept-url pattern="/**" method=GET access="IS_AUTHENTICATED_FULLY"/> 
        <anonymous enabled="false"/>
        <custom-filter ref="tenantContextFilter" position="FIRST"/>
        <custom-filter ref="securityContextFilter" position="CHANNEL_FILTER"/>
        <custom-filter ref="oauth2ResourceServerFilter" position="PRE_AUTH_FILTER"/>
    </http>

    <!-- ################################################################################ -->
    <!-- Filters -->
    <bean id="securityContextFilter" class="com.ge.apm.security.context.SecurityContextFilter"/>
    <bean id="restServiceInstanceInfo" class="com.ge.apm.tenancy.context.RestServiceInstanceInfoFactory"/>
    <bean id="tenantContextFilter" class="com.ge.apm.tenancy.context.TenantContextFilter">
        <property name="configServiceBaseUri" value="${configServiceUrl:}"/>
        <property name="configComponentName" value="predixServiceInstances"/>
    </bean>

    <!-- ################################################################################ -->
    <!-- Import Common Security Configuration -->
    <bean id="securityOptions" class="com.ge.apm.security.config.model.SecurityOptions">
        <property name="accessType" value="${apm_security_accessType}"/>
        <property name="authN.serviceUri" value="${uaaServiceUrl}"/>
        <property name="authN.clientId" value="${authClientId}"/>
        <property name="authN.clientSecret" value="${authClientSecret}"/>
        <property name="authZ.serviceName" value="${acsServiceName}"/>
        <property name="authZ.trustedTokenIssuerId" value="${authTokenIssuer}"/>
    </bean>
    <bean class="com.ge.apm.security.include.SecurityConfiguration"/>

</beans>