<?xml version="1.0" encoding="UTF-8"?>
<settings
	xsi:schemaLocation="http://maven.apache.org/SETTINGS/1.0.0 http://maven.apache.org/xsd/settings-1.0.0.xsd"
	xmlns:xsi="http://www.w3.org/2001/XMLSchema-instance" xmlns="http://maven.apache.org/SETTINGS/1.0.0">
	
	<servers>
        <server>
            <id>artifactory.repo</id>
            <username>502401855</username>
            <password>AP6QcLck9NdWKiaSovkJgozJCip</password>
        </server>
        <server>
            <id>devcloud-artifactory</id>
            <username>502401855</username>
            <password>AP6QcLck9NdWKiaSovkJgozJCip</password>
        </server>
        <server>
            <id>devcloud-artifactory-release</id>
            <username>502401855</username>
            <password>AP6QcLck9NdWKiaSovkJgozJCip</password>
        </server>
        <server>
            <id>artifactory.releases</id>
            <username>502401855</username>
            <password>AP6QcLck9NdWKiaSovkJgozJCip</password>
        </server>
        <server>
            <id>artifactory.snapshots</id>
            <username>502401855</username>
            <password>AP6QcLck9NdWKiaSovkJgozJCip</password>
        </server>
        </servers>
	<proxies>

		<proxy>
			<active>true</active>
			<protocol>http</protocol>
			<host>proxy-src.research.ge.com</host>
			<port>8080</port>
			<nonProxyHosts>devcloud.swcoe.ge.com|sjc1ssadsp01.crd.ge.com|ge.com|localhost|home</nonProxyHosts>
		</proxy>
		<proxy>
			<active>true</active>
			<protocol>https</protocol>
			<host>proxy-src.research.ge.com</host>
			<port>8080</port>
			<nonProxyHosts>devcloud.swcoe.ge.com|sjc1ssadsp01.crd.ge.com|ge.com|localhost|home</nonProxyHosts>
		</proxy>
	</proxies>
	<profiles>
		<profile>
			<repositories>
				<repository>
					<id>artifactory.repo</id>
					<name>artifactory.repo</name>
					<url>https://devcloud.swcoe.ge.com/artifactory/repo</url>
				</repository>
				<repository>
					<snapshots>
						<enabled>false</enabled>
					</snapshots>
					<id>devcloud-artifactory</id>
					<name>libs-release</name>
					<url>https://devcloud.swcoe.ge.com/artifactory/libs-release</url>
				</repository>
				
				<repository>
                    <releases>
                        <enabled>true</enabled>
                        <updatePolicy>always</updatePolicy>
                    </releases>
                    <snapshots>
                        <enabled>false</enabled>
                    </snapshots>
                    <id>apm.artifactory.releases</id>
                    <name>apm.artifactory.releases</name>
                    <url>https://devcloud.swcoe.ge.com/artifactory/APM</url>
                </repository>
                <repository>
                    <snapshots>
                        <enabled>true</enabled>
                        <updatePolicy>always</updatePolicy>
                    </snapshots>
                    <id>apm.artifactory.snapshots</id>
                    <name>apm.artifactory.snapshots</name>
                    <url>https://devcloud.swcoe.ge.com/artifactory/APM-SNAPSHOT</url>
                </repository>

				<repository>
					<releases>
						<enabled>true</enabled>
						<updatePolicy>always</updatePolicy>
					</releases>
					<snapshots>
						<enabled>false</enabled>
					</snapshots>
					<id>artifactory.releases</id>
					<name>artifactory.releases</name>
					<url>https://devcloud.swcoe.ge.com/artifactory/ETYEJ</url>
				</repository>
				<repository>
					<snapshots>
						<enabled>true</enabled>
						<updatePolicy>always</updatePolicy>
					</snapshots>
					<id>artifactory.snapshots</id>
					<name>artifactory.snapshots</name>
					<url>https://devcloud.swcoe.ge.com/artifactory/ETYEJ-SNAPSHOT</url>
				</repository>

			</repositories>
			<id>sonar</id>
			<activation>
				<activeByDefault>true</activeByDefault>
			</activation>
			<properties>
				<sonar.jdbc.url>jdbc:mysql://3.39.73.57:3323/sonarqube</sonar.jdbc.url>
				<sonar.jdbc.driver>com.mysql.jdbc.Driver</sonar.jdbc.driver>
				<sonar.jdbc.username>sonar</sonar.jdbc.username>
				<sonar.jdbc.password>sonar</sonar.jdbc.password>
				<sonar.host.url>http://sjc1predix05.research.ge.com:9000/</sonar.host.url>
			</properties>
		</profile>
	</profiles>

</settings>
